heb_name_parsed,code,area_id,label,time_notes
אביאל,6,15,Aviel,One and a half minutes
אורנים,39,34,Oranim,One minute
אזור תעשייה נשר - רמלה,61,12,Nesher Industrial Zone (Ramla),One and a half minutes
אזור תעשייה תרדיון,78,23,Teradion Industrial Zone,One minute
אלמוג,121,18,Almog,One and a half minutes
אמץ,130,27,Amatz,One and a half minutes
אפרת,137,17,Efrat,One and a half minutes
אשבל,144,23,Eshbal,One minute
אשחר,148,23,Eshchar,One minute
בארי,164,26,Be'eri,15 Seconds
בית הלוי,186,27,Beit HaLevi,One and a half minutes
בית עובד,218,12,Beit Oved,One and a half minutes
ברוכין,257,10,Brukhin,One and a half minutes
ברטעה,260,13,Bart'a,One and a half minutes
ברעם,262,30,Baram,Immediately
ברקן,264,10,Barkan,One and a half minutes
ברקת,265,21,Bareket,One and a half minutes
ג'וליס,274,6,Julis,30 Seconds
ג'לג'וליה,275,27,Jaljulia,One and a half minutes
גאולי תימן,279,27,Geulei Teiman,One and a half minutes
גבעתי,309,22,Givati,45 Seconds
גדרה,315,22,Gdera,One minute
גינוסר,325,7,Ginosar,One minute
גן יבנה,337,22,Gan Yavne,45 Seconds
גן שורק,339,12,Gan Sorek,One and a half minutes
גני הדר,344,12,Ganei Hadar,One and a half minutes
גניגר,349,34,Genigar,One minute
געש,350,27,Ga'ash,One and a half minutes
געתון,351,30,Ga'aton,15 Seconds
דור,366,14,Dor,One minute
הדר עם,384,27,Hadar Am,One and a half minutes
הודיות,387,7,Hodayot,One minute
המרכז האקדמי רופין,395,27,Ruppin Academic Center,One and a half minutes
טמרה בגלבוע,493,34,Tamra (Gilboa),One minute
יבול,496,26,Yevul,15 Seconds
יושיביה,514,16,Yoshivia,15 Seconds
יפתח,533,30,Iftach,Immediately
ירדנה,541,4,Yardena,One minute
ישובי אמן,546,34,Amen Settlements,One minute
ישרש,550,12,Yashresh,One and a half minutes
כפר הס,602,27,Kfar Hess,One and a half minutes
כפר חרוב,615,5,Kfar Haruv,15 Seconds
כפר ידידיה,618,27,Kfar Yedidia,One and a half minutes
כפר תפוח,654,10,Kfar Tapuach,One and a half minutes
מאור,688,15,Maor,One and a half minutes
מבקיעים,698,19,Mavki'im,30 Seconds
מדרך עוז,714,13,Midrach Oz,One and a half minutes
מועאוויה,722,13,Mu'awiya,One and a half minutes
מזרעה,734,6,Mazra'a,30 Seconds
מסילת ציון,763,24,Mesillat Zion,One and a half minutes
מעברות,767,27,Ma'abarot,One and a half minutes
מענית,791,15,Ma'anit,One and a half minutes
מצליח,797,12,Matzliach,One and a half minutes
משמרת,832,27,Mishmeret,One and a half minutes
נועם,869,22,Noam,45 Seconds
נורית,878,34,Nurit,One minute
נחלה,881,22,Nachla,45 Seconds
ניר יפה,1329,34,Nir Yafeh,One minute
נעמה,921,3,Na'ama,One and a half minutes
עבדת,956,9,Ovdat,One and a half minutes
עין בוקק,983,18,Ein Bokek,One and a half minutes
עין שמר,1010,15,Ein Shemer,One and a half minutes
עינבר,1013,23,Inbar,One minute
עיר אובות,1015,29,Ir Ovot,One and a half minutes
פדיה,1051,12,Pdaya,One and a half minutes
פקיעין החדשה,1337,30,Peki'in HaHadasha,Immediately
פרדס חנה-כרכור,1067,15,Pardes Hana - Karkur,One and a half minutes
פרוד,1069,6,Farod,30 Seconds
פרזון,1325,34,Yael Settlements,One minute
קדומים,1096,10,Kdumim,One and a half minutes
קדימה-צורן,1097,27,Kadima - Zoran,One and a half minutes
קדמה,1099,22,Kedma,45 Seconds
קדש ברנע,1104,9,Kadesh Barneah,One minute
קורנית,1106,23,Koranit,One minute
קידה,1108,10,Kida,One and a half minutes
רשפון,1187,27,Rishpon,One and a half minutes
שבות רחל,1192,10,Shvut Rachel,One and a half minutes
שדה ניצן,1211,26,Sdeh Nitzan,15 Seconds
שהם,1222,21,Shoham,One and a half minutes
שלווה,1241,22,Shalva,30 Seconds
שער אפרים,1254,27,Sha'ar Efraim,One and a half minutes
שרשרת,1268,16,Sharsheret,30 Seconds
תעוז,1298,24,Taoz,One and a half minutes
תקומה,1349,26,Tkuma,15 Seconds
,,,,
קדרים,1103,6,Kadarim,One minute
אזור תעשייה רותם,72,9,Rotem Industrial Zone,One and a half minutes
חופית,444,27,Hofit,One and a half minutes
אל-ח'וואלד מערב,98,34,Al Khawaled - West,One minute
מבוא מודיעים,694,21,Mevo Modi'im,One and a half minutes
עספיא,1031,14,Isfiya,One minute
אזור תעשייה שער נעמן,76,6,Sha'ar Na'aman Industrial Zone,One minute
עמינדב,1024,20,Aminadav,One and a half minutes
כסייפה,575,9,Kuseife,One and a half minutes
כפר גלים,591,15,Kfar Galim,One minute
בית שקמה,230,19,Beit Shikma,30 Seconds
יד רמב''ם,507,12,Yad Rambam,One and a half minutes
נתניה,6023,27,Netanya - West,One and a half minutes
מג'דל שמס,701,2,Majdal Shams,Immediately
טובא זנגריה,479,6,Tuba-Zangariyye,30 Seconds
מיצד,742,17,Metzad,One and a half minutes
מעון צופיה,773,22,Maon Tzofia,One minute
אלוני יצחק,110,15,Alonei Itzhak,One and a half minutes
מעלה עירון,786,13,Ma'aleh Iron,One and a half minutes
אדורה,20,17,Adora,One and a half minutes
גבעת השלושה,293,8,Givat HaShlosha,One and a half minutes
נאות גולן,840,5,Neot Golan,15 Seconds
נטור,890,5,Natur,Immediately
זיקים,414,26,Zikim,15 Seconds
פתח תקווה,1071,8,Petach Tikva,One and a half minutes
גבעתיים,310,8,Givatayim,One and a half minutes
חמד,455,12,Hemed,One and a half minutes
ישע,1316,26,Mivtachim Amioz Yesha,15 Seconds
בית השיטה,190,4,Beit HaShita,One minute
נווה שלום,868,24,Neveh Shalom,One and a half minutes
צוקי ים,1312,27,Havatzelet HaSharon and Tzukei Yam,One and a half minutes
בני דרום,239,22,Bnei Darom,45 Seconds
אשדות יעקב מאוחד,147,5,Ashdot Yaakov Meuhad,One minute
זמרת,419,26,Zimrat and Shuva,15 Seconds
כפר יסיף,622,6,Kfar Yassif,30 Seconds
מטע,739,24,Mata,One and a half minutes
צפת,1092,6,Safed,30 Seconds
גן נר,338,34,Gan Ner,One minute
כפר כמא,624,7,Kfar Kama,One minute
בני עטרות,243,21,Bnei Atarot,One and a half minutes
טורעאן,480,23,Turan,One minute
כפר יחזקאל,621,34,Kfar Yechezkel,One minute
ערוער - ערערה בנגב,1041,9,Ar'ara BaNegev,One and a half minutes
אכסאל,97,34,Iksal,One minute
מע'אר,766,23,Maghar,One minute
בית הלל,187,30,Beit Hillel,Immediately
בני ציון,245,27,Bnei Zion,One and a half minutes
קציר,1114,13,Katzir,One and a half minutes
מעון,772,17,Ma'on,One and a half minutes
יד נתן,506,22,Yad Natan,30 Seconds
מייסר,741,13,Meiser,One and a half minutes
אחיהוד,83,6,Achihud,One minute
תאשור,1271,16,Ta'ashur,30 Seconds
פלך,1058,6,Pelekh,30 Seconds
יפית,531,3,Yafit,One and a half minutes
עילוט,979,34,Ilut,One minute
אפיק,134,5,Afik,Immediately
אזור תעשייה קריית גת,1358,22,Industrial area Kiryat Gat,45 Seconds
נס עמים,917,6,Ness Amim,30 Seconds
תחנת רכבת כפר יהושוע,1353,34,Kfar Yehoshua train station,One minute
אזור תעשייה מבואות הגלבוע,58,34,Mevuot HaGilboa Industrial Zone,One minute
דקל,379,26,Dekel,15 Seconds
אושה,41,11,Usha,One minute
אלון הגליל,105,34,Alon HaGalil,One minute
מעיין צבי,776,15,Ma'ayan Zvi,One and a half minutes
בוסתן הגליל,165,6,Bustan HaGalil,30 Seconds
אורות,36,22,Orot,45 Seconds
גן שלמה,340,12,Gan Shlomo,One and a half minutes
גבעות גורל,1372,25,Givat Goral,45 Seconds
אורון תעשייה ומסחר,1384,9,Oron Industrial Zone,One and a half minutes
שעלבים,1253,21,Sha'alabim,One and a half minutes
בארות יצחק,162,21,Be'erot Itzhak,One and a half minutes
מבשרת ציון,699,20,Mevasseret Zion,One and a half minutes
חצב,465,22,Hatzav,One minute
חרשים,476,6,Harashim,30 Seconds
מטווח ניר עם,1348,26,Nir- Um shooting range,15 Seconds
מתחם צומת שוקת,836,25,Shoket Junction Center,One and a half minutes
צור נתן,1084,27,Tzur Natan,One and a half minutes
מבטחים,697,26,Mivtachim Amioz Yesha,15 Seconds
מבוא ביתר,690,24,Mevo Beitar,One and a half minutes
עין העמק,992,13,Ein HaEmek,One and a half minutes
גיאה,321,19,Ge'a,30 Seconds
מתחם פי גלילות,1357,8,Pi Glilot compound,One and a half minutes
סופה,942,26,Sufa,15 Seconds
רגבים,1147,13,Regavim,One and a half minutes
כפר מנחם,631,24,Kfar Menachem,One minute
שאנטי במדבר,1190,9,Shanti BaMidbar,One and a half minutes
צובה,1075,24,Tzuba,One and a half minutes
אזור תעשייה צמח,67,7,Tzemach Industrial Zone,30 Seconds
תראבין,1305,25,Tirabin,45 Seconds
נערן,923,3,Niran,One and a half minutes
נטעים,892,12,Neta'im,One and a half minutes
פתחיה,1072,12,Ptachia,One and a half minutes
גבעת וולפסון,294,14,Givat Wolfson,One minute
קרית ארבע,1129,17,Kiryat Arba,One and a half minutes
אזור תעשייה צפוני אשקלון,68,19,Ashkelon Northern Industrial Zone,30 Seconds
כפר סירקין,640,8,Kfar Sirkin,One and a half minutes
אבשלום,19,26,Avshalom,15 Seconds
יציץ,535,12,Yatzitz,One and a half minutes
צופים,1077,27,Tzofin,One and a half minutes
שוקדה,1228,26,Shokeda,15 Seconds
שכניה,1240,23,Shekhanya,One minute
בית קמה,224,25,Beit Kama,45 Seconds
מולדת,721,4,Moledet,One minute
נס ציונה,918,12,Ness Ziona,One and a half minutes
דיר אל-אסד,370,6,Deir al-Asad,30 Seconds
כוכב יעקב,559,10,Kokhav Ya'akov,One and a half minutes
כפר גליקסון,592,15,Kfar Glickson,One and a half minutes
משען,833,19,Mishan,30 Seconds
טל שחר,489,24,Tal Shachar,One and a half minutes
ורד יריחו,410,18,Vered Yericho,One and a half minutes
רמת השרון,1177,8,Ramat HaSharon,One and a half minutes
מתן,837,27,Matan,One and a half minutes
נחשון,887,24,Nachshon,One and a half minutes
כפר מימון,627,26,Kfar Maimon and Tushia,15 Seconds
ברק,1326,34,Hever Settlements,One minute
כישור,568,6,Kishor,30 Seconds
כעביה טבאש,578,34,Ka'abiyye Tabbash,One minute
עזריאל,972,27,Azriel,One and a half minutes
בת חן,268,27,Bat Chen,One and a half minutes
אזור תעשייה עד הלום,62,22,Ad Halom Industrial Zone,45 Seconds
רביבים,1144,9,Revivim,One and a half minutes
אזור תעשייה אכזיב מילואות,43,30,Achziv Miluot Industrial Zone,Immediately
מרחביה קיבוץ,811,34,Merhavia Kibbutz,One minute
בני יהודה,241,5,Bnei Yehuda and Givat Yoav,15 Seconds
נחשונים,888,21,Nachshonim,One and a half minutes
אזור תעשייה עמק חפר,64,27,Emek Heffer Industrial Zone,One and a half minutes
אוהד,1371,26,Tzohar,15 Seconds
אשתאול,154,24,Eshtaol,One and a half minutes
קרית חינוך מרחבים,1131,16,Merhavim Educational Campus,45 Seconds
סנסנה,949,25,Sansana,One minute
אזור תעשייה דימונה,49,9,Dimona Industrial Zone,One and a half minutes
הגושרים,383,30,HaGoshrim,Immediately
עין דור,986,34,Ein Dor,One minute
כפר אדומים,580,17,Kfar Edomim,One and a half minutes
קיבוץ מגידו,708,13,Megiddo,One and a half minutes
בצרה,251,27,Batzra,One and a half minutes
נווה מיכאל - רוגלית,867,24,Neveh Michael (Rogalit),One and a half minutes
רמת צבי,1181,34,Ramat Zvi,One minute
תל שבע,1286,25,Tel Sheva,One and a half minutes
שושנת העמקים,1231,27,Shoshanat Ha'Amakim,One and a half minutes
כליל,570,6,Klil,30 Seconds
ניר ח''ן,904,22,Nir Chen,30 Seconds
כפר תקווה,655,34,Kfar Tikva,One minute
סתריה,954,12,Sitria,One and a half minutes
ארסוף,142,27,Arsuf,One and a half minutes
צבעון,1074,30,Zivon,Immediately
מזרע,733,34,Mizra,One minute
אודים,23,27,Udim,One and a half minutes
רמת דוד,1173,34,Ramat David,One minute
חניאל,460,27,Haniel,One and a half minutes
מעלה עמוס,787,17,Ma'aleh Amos,One and a half minutes
ינוח-ג'ת,521,6,Yanuh-Jat,30 Seconds
פרדסיה,1068,27,Pardessiya,One and a half minutes
גן יאשיה,336,27,Gan Yoshia,One and a half minutes
אלקוש,125,30,Alkosh,Immediately
כלא דמון,569,14,Damon Priosn,One minute
עין החורש,989,27,Ein HaHoresh,One and a half minutes
גמזו,332,21,Gimzo,One and a half minutes
עין כרמל,1003,14,Ein Carmel,One minute
שדה ורבורג,1204,27,Sdeh Warburg,One and a half minutes
שדרות,1221,26,Sderot,15 Seconds
גבעת הראל וגבעת הרואה,1367,10,Gival Harel and Gival Haroe,One and a half minutes
יזרעאל,515,34,Yizre'el,One minute
יובל,510,30,Kfar Yuval,Immediately
גבעת כ''ח,303,21,Giv'at Ko'ah,One and a half minutes
נופי נחמיה,871,10,Nofei Nehemiah,One and a half minutes
מעלה שומרון,789,10,Ma'aleh Shomron,One and a half minutes
יסוד המעלה,523,6,Yesud Hama'ala,30 Seconds
גבעת יואב,1309,5,Bnei Yehuda and Givat Yoav,15 Seconds
דגניה א,362,7,Degania Alef,One minute
אליכין,114,27,Elyachin,One and a half minutes
תעשיון חצב,1299,21,Hatzav Industrial Zone,One and a half minutes
שדה בוקר,1202,9,Sdeh Boker,One and a half minutes
קטורה,1107,29,Ktura,One and a half minutes
שפיר,1260,22,Shafir,45 Seconds
אלי עד,112,5,Eliad,Immediately
אעבלין,133,23,Ibillin,One minute
מגדל,703,7,Migdal,One minute
גילון,1320,6,Gilon Tzurit,30 Seconds
משמר הירדן,826,6,Mishmar HaYarden,30 Seconds
משמר השרון,830,27,Mishmar HaSharon,One and a half minutes
מעלה גלבוע,780,4,Ma'aleh Gilboa,One minute
אור עקיבא,34,15,Or Akiva,One and a half minutes
אשדוד,6000,22,Ashdod - Yod Alef,45 Seconds
קבוצת גבע,284,34,Geva,One minute
קבוצת יבנה,1095,22,Kvutzat Yavne,One minute
רתמים,1189,9,Retamim,One and a half minutes
טירת כרמל,485,15,Tirat Carmel,One minute
שבלי,1196,34,Shibli,One minute
מלילות,1318,16,Maagalim,30 Seconds
כפר קאסם,645,27,Kfar Kassem,One and a half minutes
יסעור,525,6,Yasur,One minute
אילון,90,30,Eilon,Immediately
קריית ביאליק,1119,11,Kiryat Biyalik,One minute
נחלים,883,21,Nechalim,One and a half minutes
דפנה,378,30,Dafna,Immediately
ביר אלמכסור,172,23,Bir al-Maksur,One minute
בית סוהר צלמון,1383,23,Tsalmon Detention Center,One minute
תל אביב-יפו,6029,8,Tel Aviv - Across the Yarkon,One and a half minutes
כפר שמואל,651,12,Kfar Shmuel,One and a half minutes
בית אלפא,178,4,Beit Alfa and Heftziba,One minute
קצרין,1116,5,Katzrin,30 Seconds
צור הדסה,1081,24,Tzur Hadassa,One and a half minutes
חמת גדר,459,5,Hamat gader,15 Seconds
כמהין,572,9,Kmehin,One minute
ירקונה,545,27,Yarkona,One and a half minutes
ייט''ב,518,3,Yitav,One and a half minutes
מצפה,798,7,Mitzpeh,One minute
כרמים,667,25,Kramim,One and a half minutes
יקום,536,27,Yakum,One and a half minutes
בית ספר שדה מירון,217,30,Sdeh Meron School,Immediately
נהורה,849,22,Nehora,30 Seconds
ענב,1030,10,Einav,One and a half minutes
קריית נטפים,1126,10,Kiryat Netafim,One and a half minutes
הסוללים,396,34,HaSollelim,One minute
טלמון,491,10,Talmon,One and a half minutes
רהט,1148,25,Rahat,45 Seconds
בית אורן,175,14,Beit Oren,One minute
עין נקובא,1005,24,Ein Naqquba,One and a half minutes
רועי,1154,3,Roee,One and a half minutes
אבירים,11,30,Abirim,Immediately
אום בטין,29,25,Umm Batin,One and a half minutes
בית זית,192,20,Beit Zayit,One and a half minutes
אדמית,21,30,Idmit,Immediately
אזור תעשייה באר טוביה,1359,22,Industrial area Be'er Tovia,45 Seconds
מגל,709,13,Magal,One and a half minutes
כוכב השחר,557,10,Kokhav HaShahar,One and a half minutes
מג'דל כרום,700,6,Majd al-Krum,30 Seconds
כושי רמון,562,29,Kushi Rimon,One and a half minutes
כרם בן שמן,1338,12,Kerem BenShemen,One and a half minutes
רעננה,1185,27,Ra'anana,One and a half minutes
בית חורון,195,10,Beit Horon,One and a half minutes
עין חצבה,998,29,Ein Hatzeva,One and a half minutes
מבוא חורון,692,21,Mevo Horon,One and a half minutes
נירית,914,27,Nirit,One and a half minutes
שדה נחום,1209,4,Sdeh Nachum,One minute
עין גדי,985,18,Ein Gedi,One and a half minutes
שדי תרומות,1217,4,Sdei Trumot,One minute
חד נס,431,5,Had Ness,15 Seconds
אחווה,79,22,Achva,45 Seconds
גבעת זאב,296,20,Givat Ze'ev,One and a half minutes
מגן שאול,711,34,Magen Shaul,One minute
בית יתיר,206,17,Beit Yatir,One and a half minutes
כפר המכבי,598,11,Kfar HaMaccabi,One minute
נווה ירק,865,27,Neveh Yarak,One and a half minutes
דניאל,1382,16,Daniel,45 Seconds
יכיני,519,26,Yakhini,15 Seconds
משמר הנגב,827,25,Mishmar HaNegev,45 Seconds
מרום גולן,808,2,Merom Golan,Immediately
יהל,509,29,Yahel,One and a half minutes
מצוקי דרגות,796,18,Metzokei Dragot,One and a half minutes
מלכיה,752,30,Malkia,Immediately
מסדה,761,5,Masada,30 Seconds
אזור תעשייה בר-לב,46,6,Bar Lev Industrial Zone,One minute
הר אדר,399,24,Har Adar,One and a half minutes
חרות,472,27,Herut,One and a half minutes
אמירים,128,6,Amirim,30 Seconds
שדה יעקב,1206,34,Sdeh Yacov,One minute
מסעדה,765,2,Mas'ade,Immediately
כפר חנניה,613,23,Kfar Hanania,One minute
בקוע,253,24,Beko'a,One and a half minutes
עין מאהל,1004,34,Ein Mahil,One minute
גבעון החדשה,1339,20,Giv'on HaHadasha,One and a half minutes
מועצה אזורית דרום השרון,1350,27,Southern Sharon Regional Council,One and a half minutes
אדירים,1328,34,Hever Settlements,One minute
כפר סאלד,637,30,Kfar Szold,15 Seconds
שומרה,1225,30,Shomera,Immediately
אזור תעשייה קדמת גליל,69,7,Kidmat Galil Industrial Zone,One minute
גיבתון,322,12,Gibton,One and a half minutes
גזר,320,12,Gezer,One and a half minutes
גלאון,329,24,Galon,One minute
אזור תעשייה כרמיאל,56,6,Carmiel Industrial Zone,30 Seconds
כפר זיתים,609,7,Kfar Zeitim,One minute
גבעות עדן,289,24,Giv'ot Eden,One and a half minutes
רנן,1183,16,Renan,30 Seconds
עבדון,955,30,Avdon,Immediately
ינוב,520,27,Yanuv,One and a half minutes
בית נחמיה,209,21,Beit Nechemia,One and a half minutes
טירת יהודה,484,21,Tirat Yehuda,One and a half minutes
ירוחם,542,9,Yeruham,One and a half minutes
תקוע,1304,17,Tko'a,One and a half minutes
עלי,1019,10,Eli,One and a half minutes
לוטן,681,29,Lotan,One and a half minutes
כפר מנדא,630,23,Kfar Manda,One minute
גני מודיעין,1346,21,Ganei Modi'in,One and a half minutes
קלנסווה,1112,27,Qalansawe,One and a half minutes
אלון,104,17,Alon,One and a half minutes
עזריקם,974,22,Azrikam,45 Seconds
אחיטוב,84,27,Ahituv,One and a half minutes
משהד,820,34,Mashhad,One minute
אל עזי,99,22,Al Azi,45 Seconds
סמר,947,29,Samar,3 minutes
אבן מנחם,13,30,Even Menachem,Immediately
שגב שלום,1197,25,Segev Shalom,One and a half minutes
מצדה,794,18,Massada,One and a half minutes
יד מרדכי,505,26,Yad Mordechai,15 Seconds
רבדים,1143,22,Revadim,One minute
מרחצאות עין גדי,812,18,Ein Gedi Baths,One and a half minutes
כפר ויתקין,605,27,Kfar Vitkin,One and a half minutes
אתר ההנצחה גולני,155,7,Golani Memorial Site,One minute
אבן שמואל,15,22,Even Shmuel,30 Seconds
שאר ישוב,1191,30,Shear Yeshuv,Immediately
נאות סמדר,843,29,Neot Smadar,One and a half minutes
באקה אל גרבייה,156,13,bqa al-Gharbiyye,One and a half minutes
הבונים,382,14,HaBonim,One minute
נתיב הל''ה,931,24,Netiv HaLamed-Heh,One and a half minutes
חוות יאיר,433,10,Havat Yair,One and a half minutes
אזור תעשייה מישור אדומים,1360,17,Industrial area Mishor Edomim,One and a half minutes
גבעת חיים איחוד,298,27,Givat Haim (Ihud),One and a half minutes
נוקדים,876,17,Nokdim,One and a half minutes
בית חנן,198,12,Beit Hanan,One and a half minutes
גלגל,330,3,Gilgal,One and a half minutes
קריית עקרון,1128,12,Kiryat Ekron,One and a half minutes
בתי מלון ים המלח,272,18,Dead Sea Hotels,One and a half minutes
מרכז שפירא,816,22,Merkaz Shapira,45 Seconds
תלמי אלעזר,1290,15,Talmei Elazar,One and a half minutes
חצור,467,22,Hatzor,45 Seconds
רמות מנשה,1170,13,Ramot Menashe,One and a half minutes
בית צבי,223,14,Beit Zvi,One minute
נתיב העשרה,932,26,Netiv HaAssara,15 Seconds
לכיש,684,22,Lakhish,45 Seconds
בית גוברין,182,24,Beit Guvrin,One minute
עידן,976,29,Idan,One and a half minutes
אזור תעשייה רמת דלתון,73,30,Ramat Dalton Industrial Zone,Immediately
יחיעם,516,30,Yechiam,15 Seconds
אליפלט,116,6,Elifelet,30 Seconds
רחובות,1157,12,Rehovot,One and a half minutes
נחליאל,882,10,Nachliel,One and a half minutes
גדעונה,314,34,Gidona,One minute
חצרים,469,25,Hatzerim,One minute
היוגב,391,34,HaYogev,One minute
עמנואל,1028,10,Immanuel,One and a half minutes
שריגים - ליאון,1266,24,Srigim (Li-On),One minute
סעד,950,26,Sa'ad,15 Seconds
בית אל,176,10,Beit El,One and a half minutes
מעיין ברוך,775,30,Ma'ayan Baruch,Immediately
רמת רזיאל,1182,24,Ramat Raziel,One and a half minutes
תדהר,1272,16,Tidhar,30 Seconds
שילת,1239,21,Shilat,One and a half minutes
חולון,439,8,Holon,One and a half minutes
אזור,42,8,Azor,One and a half minutes
רותם,1155,3,Rotem,One and a half minutes
אזור תעשייה טירה,53,27,Tira Industrial Area,One and a half minutes
בית חלקיה,197,22,Beit Hilkia,One minute
לטרון,682,24,Latrun,One and a half minutes
ג'ש (גוש חלב),277,30,Jish (Gush Halav),Immediately
קיסריה,1109,15,Caesarea,One and a half minutes
פקיעין,1066,30,Peki'in,15 Seconds
סינמה סיטי גלילות,1379,8,Cinema City Glilot,One and a half minutes
עטרת,975,10,Atteret,One and a half minutes
כינרת קבוצה,565,7,Kvutzat Kinneret,One minute
מעלה גמלא,781,5,Ma'aleh Gamla,15 Seconds
כרם שלום,661,26,Kerem Shalom,15 Seconds
כפר כנא,625,34,Kfar Kana,One minute
אזור תעשייה אלון התבור,1362,34,Industrial area Alon Hatovor,One minute
כלנית,571,23,Kalanit,One minute
שדה אליהו,1200,4,Sdeh Eliyahu,One minute
עין ורד,995,27,Ein Vered,One and a half minutes
יפעת,532,34,Ifat,One minute
מאיר שפיה,689,14,Meir Shfeya,One minute
משואה,821,3,Masua,One and a half minutes
באר טוביה,159,22,Be'er Tuvia,45 Seconds
מגן,710,26,Magen,15 Seconds
כעביה,577,34,Ka'abiyye,One minute
שערי תקווה,1258,27,Sha'arei Tikva,One and a half minutes
חורפיש,447,30,Hurfeish,Immediately
קריית גת,1120,22,Kiryat Gat,45 Seconds
קדמת צבי,1100,5,Kidmat Zvi,15 Seconds
חמדת,457,3,Hemdat,One and a half minutes
בועיינה-נוג'ידאת,166,23,Bu'eine Nujeidat,One minute
ורדון,411,22,Vardon,45 Seconds
אזור תעשייה חבל מודיעין,1361,21,Industrial area Hevel Modi'in,One and a half minutes
ארז,140,26,Erez,15 Seconds
גבעת חיים מאוחד,299,27,Givat Haim (Meuhad),One and a half minutes
מנוף,754,23,Manof,One minute
בית חשמונאי,201,12,Beit Hashmonai,One and a half minutes
שומרת,1227,6,Shomrat,30 Seconds
נהלל,850,34,Nahalal,One minute
עג'ר,958,30,Ghajar,Immediately
גברעם,311,26,Gvaram,15 Seconds
מי עמי,740,13,Mei Ami,One and a half minutes
גבעות בר,288,25,Giv'ot Bar,45 Seconds
נווה חריף,862,29,Neveh Harif,One and a half minutes
מרכז אזורי משגב,813,23,Misgav Regional Center,One minute
משגב עם,819,30,Misgav Am,Immediately
רימונים,1163,10,Rimonim,One and a half minutes
יעף,527,27,Ya'af,One and a half minutes
עמיקם,1026,15,Amikam,One and a half minutes
כרמיה,666,26,Karmia,15 Seconds
קצר-א-סיר,1115,9,Qasr al-Sir,One and a half minutes
אילניה,92,34,Ilania,One minute
שובל,1224,25,Shoval,45 Seconds
רגבה,1146,6,Regba,30 Seconds
גבעת חביבה,297,15,Givat Haviva,One and a half minutes
גבעת ברנר,292,22,Givat Brenner,One and a half minutes
כרם ביבנה,658,22,Kerem BeYavne,One minute
אזור תעשייה ברוש,48,24,Brosh Industrial Zone,One and a half minutes
מעלה לבונה,784,10,Ma'aleh Levona,One and a half minutes
חוסנייה,443,23,Hussniyya,One minute
שלומית,1244,26,Shlomit,30 Seconds
חלמיש (נווה צוף),453,10,Halamish,One and a half minutes
נשר,929,15,Nesher,One minute
גבעת חן,300,27,Givat Hen,One and a half minutes
בקעות,254,3,Beka'ot,One and a half minutes
משמרות,831,15,Mishmarot,One and a half minutes
גבעת עדה,305,15,Givat Ada,One and a half minutes
תלם,1288,17,Telem,One and a half minutes
מכמנים,403,6,Mikhmanim,30 Seconds
נטף,893,24,Nataf,One and a half minutes
כפר פינס,644,15,Kfar Pinnes,One and a half minutes
אילות,91,1,Eilot,30 Seconds
בר יוחאי,256,6,Bar Yochai,30 Seconds
גבולות,282,16,Gvulot,30 Seconds
בן עמי,235,30,Ben Ami,Immediately
אשקלון,6037,19,Ashkelon - North,30 Seconds
מנשית זבדה,759,34,Manshiya Zabda,One minute
מבוא חמה,693,5,Mevo Hama,15 Seconds
סער,951,30,Sa'ar,Immediately
גשור,354,5,Gshur,15 Seconds
בסמ\ה,1321,13,Basma,One and a half minutes
גלעד,331,13,Gal'ed (Even Itzhak),One and a half minutes
כפר אביב,579,22,Kfar Aviv,One minute
רמות נפתלי,1171,30,Ramot Naftali,Immediately
אבו סנאן,3,6,Abu Snan,30 Seconds
שמיר,1246,30,Shamir,15 Seconds
מעלה צביה,788,23,Ma'aleh Zvia,One minute
כרמל,669,17,Carmel,One and a half minutes
עין קנייא,1008,2,Ein Quiniyye,Immediately
תקומה וחוות יזרעם,1303,26,Tkuma and Havat Izra'am,15 Seconds
סאג'ור,935,6,Sajur,30 Seconds
עילבון,978,23,Eilabun,One minute
ינון,522,22,Yinon,One minute
בית נקופה,211,24,Beit Nekofa,One and a half minutes
אלישיב,118,27,Elyashiv,One and a half minutes
העוגן,397,27,HaOgen,One and a half minutes
חמדיה,456,4,Hamadia,One minute
תל יצחק,1281,27,Tel Itzhak,One and a half minutes
יגל,501,12,Yagel,One and a half minutes
חגלה,430,27,Hogla,One and a half minutes
נוגה,853,22,Noga,30 Seconds
יקנעם המושבה,538,13,Yokneam Moshava,One and a half minutes
הר הנגב,1376,9,Har Ha'Negev,One and a half minutes
אל עמארני,1381,29,El-Amrana,One and a half minutes
כפר הנגיד,599,22,Kfar HaNagid,One minute
אבנת,18,18,Avnat,One and a half minutes
אחיסמך,85,12,Ahisemech,One and a half minutes
גן שמואל,341,15,Gan Shmuel,One and a half minutes
חולתה,441,6,Hulata,30 Seconds
ניר עקיבא,911,16,Nir Akiva,30 Seconds
שתולים,1270,22,Shtulim,45 Seconds
הר גילה,401,17,Har Gilo,One and a half minutes
קריית אונו,1118,8,Kiryat Ono,One and a half minutes
חפציבה,1308,4,Heftziba and Beit Alfa,One minute
ברכיה,261,19,Berekhya,30 Seconds
שעב,1251,23,Sha'ab,One minute
ראמה,1135,6,Rama,30 Seconds
אורים,38,16,Urim,30 Seconds
שבי דרום,1193,16,Shavei Darom,30 Seconds
גאולים,280,27,Geulim,One and a half minutes
כמון,402,6,Kamon,30 Seconds
מורשת,730,23,Moreshet,One minute
חריש,473,13,Harish,One and a half minutes
הר ברכה,400,10,Har Bracha,One and a half minutes
קדיתא,1098,6,Kadita,30 Seconds
באר יעקב,160,12,Be'er Yacov,One and a half minutes
אזור תעשייה בראון,47,10,Bar On Industrial Zone,One and a half minutes
חוות שיקמים,437,16,Havat Shikmim,15 Seconds
קלחים,1110,16,Klachim,30 Seconds
עוזייר,964,23,Uzeir,One minute
גרופית,353,29,Grofit,One and a half minutes
משואות יצחק,822,22,Masuot Itzhak,45 Seconds
נחושה,879,24,Nehusha,One minute
יערה,528,30,Ya'ara,Immediately
טירה,483,27,Tira,One and a half minutes
נמרוד,915,2,Nimrod,Immediately
מצפה נטופה,802,23,Mitzpeh Netofa,One minute
סגולה,938,22,Sgula,45 Seconds
כפר קרע,647,13,Kfar Kara,One and a half minutes
אביבים,7,30,Avivim,Immediately
מעגלים,768,16,Maagalim,30 Seconds
גונן,316,30,Gonen,15 Seconds
כפר עבודה,641,27,Kfar Avoda,One and a half minutes
בצת,252,30,Betzet,Immediately
טייבה,481,27,Tayibe,One and a half minutes
פדויים,1050,16,Pduim,45 Seconds
עין אל אסד,982,6,Ein al-Asad,30 Seconds
כפר גמילה מלכישוע,594,4,Mlkishua Rehabilitation Village,One minute
שדה יצחק,1207,15,Sdeh Itzhak,One and a half minutes
ממשית,1370,9,Mamashit,One and a half minutes
עין חוד,997,14,Ein Chod,One minute
שדמות מחולה,1220,3,Shadmot Mechola,One and a half minutes
עברון,957,30,Evron,15 Seconds
אבן ספיר,14,20,Even Sapir,One and a half minutes
בני נצרים,242,26,Bnei Netzarim,30 Seconds
בית העמק,188,6,Beit HaEmek,30 Seconds
עדנים,962,27,Adanim,One and a half minutes
המכללה האקדמית כנרת,393,7,Kinneret Academic College,30 Seconds
מתת,838,30,Matat,Immediately
אבו-תלול,2,9,Abu Talul,One and a half minutes
נטועה,889,30,Netua,Immediately
עין איילה,980,14,Ein Ayala,One minute
מסד,760,23,Massad,One minute
עכו - אזור תעשייה,1017,6,Acco - Industrial Zone,30 Seconds
אזור תעשייה צ.ח.ר,65,6,Tzahar Industrial Zone,30 Seconds
ואדי אל חמאם,408,7,Wadi Hamam,One minute
סלעית,945,27,Salit,One and a half minutes
גבעת אסף,1368,10,Givat Asaf,One and a half minutes
בניה,247,22,Bnaya,One minute
מדרשת בן גוריון,715,9,Ben Gurion College,One and a half minutes
אמנון,129,6,Amnon,30 Seconds
עוזה,963,22,Uzza,30 Seconds
דן (קיבוץ),377,30,Dan,Immediately
ביר הדאג',173,9,Bir Hadaj,One and a half minutes
אבטליון,5,23,Avtalion,One minute
כפר עזה,642,26,Kfar Azza,15 Seconds
הראל,405,24,Harel,One and a half minutes
עופרים,968,10,Ofarim,One and a half minutes
בת חפר,269,27,Bat Hefer,One and a half minutes
אל סייד,1374,25,El-Sid,One and a half minutes
אלונים,111,34,Alonim,One minute
נווה מבטח,866,22,Neveh Mivtach,One minute
צרעה,1094,24,Tzora,One and a half minutes
קלע,1113,2,Kela,15 Seconds
עפולה,1032,34,Afula,One minute
אשכולות,149,25,Eshkolot,One minute
זוהר,413,22,Zohar,30 Seconds
שפר,1261,6,Shefer,30 Seconds
כפר ורדים,607,30,Kfar Vradim,15 Seconds
יד השמונה,503,24,Yad HaShmona,One and a half minutes
בית קשת,225,34,Beit Keshet,One minute
רמות,1167,5,Ramot,15 Seconds
פעמי תש''ז,1064,16,Pa'amei Tashaz,30 Seconds
יקנעם עילית,539,13,Yokneam Illit,One and a half minutes
אבו גוש,1,24,Abu Ghosh,One and a half minutes
ניל''י,894,10,Nili,One and a half minutes
כרמי יוסף,662,12,Karmei Yossef,One and a half minutes
גיתית,328,3,Gitit,One and a half minutes
אזור תעשייה אפק ולב הארץ,44,21,Afek and Lev Ha\aretz Industrial Zone,One and a half minutes
שקף,1264,17,Shekef,One minute
שורש,1229,24,Shoresh,One and a half minutes
איילת השחר,89,6,Ayelet HaShachar,30 Seconds
כאוכב אבו אלהיג'א,553,23,Kaukab Abu al-Hija,One minute
טירת צבי,486,4,Tirat Zvi,One minute
מוקייבלה,728,34,Muqeibla,One minute
נחשולים,886,14,Nachsholim,One minute
נתיבות,934,16,Netivot,30 Seconds
כפר שמאי,650,6,Kfar Shamai,30 Seconds
עיינות,977,12,Ayanot,One and a half minutes
אפק,136,6,Afek,One minute
אשרת,153,6,Oshrat,30 Seconds
פדואל,1049,10,Paduel,One and a half minutes
נתיב הגדוד,930,3,Netiv HaGdud,One and a half minutes
שילה,1238,10,Shilo,One and a half minutes
נווה ים,863,14,Neveh Yam,One minute
חדיד,432,21,Hadid,One and a half minutes
קדר,1101,17,Kadarim,One and a half minutes
הרדוף,406,34,Harduf,One minute
ניר גלים,902,22,Nir Galim,45 Seconds
צור משה,1083,27,Tzur Moshe,One and a half minutes
אורה,35,20,Ora,One and a half minutes
צאלים,1073,16,Ze'elim,30 Seconds
חלץ,454,19,Heletz,30 Seconds
תלמים,1295,22,Tlamim,30 Seconds
טייבה בגלבוע,482,4,Taibe (Gilboa),One minute
,,,,
גני יוחנן,346,12,Ganei Yochanan,One and a half minutes
אופקים,30,16,Ofakim,45 Seconds
רמת גן,6027,8,Ramat Gan - West,One and a half minutes
מגשימים,713,8,Magshimim,One and a half minutes
ניצני עוז,898,27,Nitzanei Oz,One and a half minutes
אורנית,40,27,Oranit,One and a half minutes
בוקעתא,167,2,Buq'ata,Immediately
עין אל-סהלה,981,13,Ein as-Sahla,One and a half minutes
מגדלים,707,10,Megadlim,One and a half minutes
צופית,1078,27,Tzofit,One and a half minutes
פורת,1056,27,Porat,One and a half minutes
אזור תעשייה מיתרים,59,17,Meitarim Industrial Zone,One and a half minutes
יד חנה,504,27,Yad Hana,One and a half minutes
רמת רחל,1334,20,Ramat Rachel,One and a half minutes
חורה,446,25,Hura,One and a half minutes
דחי,368,34,Ed-Dahi,One minute
כפר הנוער ימין אורד,600,14,Yemin Orde Youth Village,One minute
שדה דוד,1203,22,Sdeh David,30 Seconds
תפרח,1301,16,Tifrach,45 Seconds
ניצן ב',1344,19,Nitzan,45 Seconds
ירושלים,6018,20,Jerusalem - Atarot Industrial Zone,One and a half minutes
טללים,490,9,Tlalim,One and a half minutes
אזור תעשייה ניר עציון,60,14,Nir Etzion Industrial Area,One minute
נאות מרדכי,842,30,Neot Mordechai,Immediately
בלפוריה,233,34,Balfuria,One minute
מודיעין - ליגד סנטר,718,21,Modi'in - Ligad Center,One and a half minutes
אשל הנשיא,150,16,Eshel HaNassi,45 Seconds
פנימיית עין כרם,1352,20,Ein Kerem Boarding School,One and a half minutes
נעורה,844,34,Na'ura,One minute
מרכז מיר''ב,815,14,Merav Center,One minute
ניר צבי,912,12,Nir Zvi,One and a half minutes
ראס אל-עין,1136,23,Ras al-ein,One minute
יונתן,513,5,Yonatan,Immediately
כורזים ורד הגליל,561,6,Korazim Vered HaGalil,30 Seconds
אשדוד - אזור תעשייה צפוני ונמל,1386,22,Ashdod - Northern Industrial Zone and port,45 Seconds
יפיע,530,34,Yafia,One minute
אביגדור,8,22,Avigdor,45 Seconds
בר גיורא,255,24,Bar Giora,One and a half minutes
כוכב יאיר - צור יגאל,558,27,Kokhav Ya'ir - Tzur Yigal,One and a half minutes
נחף,885,6,Nachaf,30 Seconds
לבון,670,6,Lavon,30 Seconds
שייח' דנון,1237,6,Sheikh Danun,30 Seconds
בית סוהר שיטה וגלבוע,215,34,Shita and Gilboa Prison,One minute
בית חנניה,199,15,Beit Hanania,One and a half minutes
כרם בן זמרה,659,30,Kerem Ben Zimra,Immediately
תעשיון צריפין,1300,12,Zrifin Industrial Zone,One and a half minutes
באר מילכה,161,9,Be'er Milka,One minute
עין ראפה,1009,24,Ein Rafa,One and a half minutes
מודיעין-מכבים-רעות,716,21,Modi'in,One and a half minutes
רמת הנדיב,1175,15,Ramat HaNadiv,One and a half minutes
חוות שדה בר,436,17,Havat Sdeh Bar,One and a half minutes
כינרת מושבה,564,7,Moshavat Kinneret,One minute
תל תאומים,1287,4,Tel Teomim,One minute
צוריאל,1085,30,Tzuriel,Immediately
גשר הזיו,356,30,Gesher HaZiv,Immediately
המעפיל,394,27,HaMa'apil,One and a half minutes
כפר נוער בן שמן,635,12,Ben Shemen Youth Village,One and a half minutes
כרכום,656,6,Karkom,30 Seconds
בית ג'אן,181,6,Beit Jann,30 Seconds
זנוח,420,24,Zanoah,One and a half minutes
צפריה,1090,12,Tzafria,One and a half minutes
אזור תעשייה כנות,55,22,Kannot Industrial Zone,One minute
רמת יוחנן,1178,11,Ramat Yochana,One minute
פסגות,1062,10,Psagot,One and a half minutes
מנחמיה,756,4,Menahemia,One minute
בארותיים,163,27,Be'erotaim,One and a half minutes
גבעת אלה,291,34,Givat Ela,One minute
חי-בר יטבתה,450,29,Yotvata Hai Bar Nature Reserve,One and a half minutes
לוד,677,12,Lod,One and a half minutes
שדה אילן,1199,7,Sdeh Ilan,One minute
שני ליבנה,1249,17,Sheni LeYavne,One and a half minutes
אשדות יעקב איחוד,146,5,Ashdod Yacov Ichud,One minute
גבים,283,26,Gavim,15 Seconds
שדות מיכה,1215,24,Sdot Micha,One minute
פארן,1046,29,Paran,One and a half minutes
נעלה,920,10,Na'aleh,One and a half minutes
ניר עציון,910,14,Nir Etzion,One minute
תל מונד,1282,27,Tel Mond,One and a half minutes
כפר אלדד,583,17,Kfar Eldad,One and a half minutes
עופר,967,14,Ofer,One minute
נירים,913,26,Nirim,15 Seconds
ראש העין,1139,21,Rosh HaAyin,One and a half minutes
כפר ברא,588,27,Kafr Bara,One and a half minutes
ניר ישראל,906,19,Nir Israel,30 Seconds
רכסים,1165,11,Rechasim,One minute
מחולה,735,3,Mehola,One and a half minutes
נצר סרני,925,12,Netzer Sireni,One and a half minutes
תימורים,1277,22,Timorim,45 Seconds
עכו,1016,6,Acre,30 Seconds
כרמי קטיף,664,17,Karmei Katif,One minute
משגב דב,818,22,Misgav Dov,One minute
כחל,563,6,Kahal,One minute
שדה משה,1208,22,Sdeh Moshe,45 Seconds
מצפה רמון,803,9,Mitzpeh Ramon,One and a half minutes
שורשים,1230,23,Shorashim,One minute
נגבה,847,22,Negba,30 Seconds
ראש הנקרה,1138,30,Rosh HaNikra,Immediately
כפר אוריה,581,24,Kfar Uriah,One and a half minutes
בית ברל,180,27,Beit Berl,One and a half minutes
עלומים,1018,26,Alumim,15 Seconds
חיננית,452,10,Hinanit,One and a half minutes
מודיעין עילית,719,21,Modi'in Illit,One and a half minutes
צורית גילון,1086,6,Tzurit Gilon,30 Seconds
בני ברק,237,8,Bnei Brak,One and a half minutes
מסילות,762,4,Messilot,One minute
מזור,731,21,Mazor,One and a half minutes
צוקים,1080,29,Tzukim,One and a half minutes
גורן,317,30,Goren,Immediately
גדיש,1331,34,Gadish,One minute
בית דגן,184,12,Beit Dagan,One and a half minutes
גדות,313,6,Gadot,30 Seconds
באר אורה,157,29,Be'er Ora,One and a half minutes
תל עדשים,1283,34,Tel Adashim,One minute
כפר חיטים,611,7,Kfar Hittim,One minute
אחוזם,80,22,Ahuzam,30 Seconds
ספיר,952,29,Sapir,One and a half minutes
זכרון יעקב,416,15,Zichron Yacov,One and a half minutes
בית אלעזרי,177,22,Beit Elazari,One minute
גבעת ניל''י,304,13,Givat Nili,One and a half minutes
אמציה,131,17,Amatzia,One minute
ארגמן,139,3,Argaman,One and a half minutes
סכנין,943,23,Sakhnin,One minute
עינת,1014,21,Einat,One and a half minutes
זרועה,421,16,Zru'a,30 Seconds
כפר סילבר,639,19,Kfar Silver,30 Seconds
עדי,960,34,Adi,One minute
ניר דוד,903,4,Nir David,One minute
עומר,966,25,Omer,One minute
אליפז ומכרות תמנע,115,29,Elipaz and Timna Mines,One and a half minutes
מרכז אזורי מגילות,1356,18,Megilot Regional Cetner,One and a half minutes
פארק תעשייה ראם,1048,22,Re'em Industrial Park,One minute
אזור תעשייה קיסריה,70,15,Caesarea Industrial Zone,One and a half minutes
מעלה אפרים,779,3,Ma'aleh Ephraim,One and a half minutes
כפר מרדכי,633,22,Kfar Mordechai,One minute
שפרעם,1262,23,Shfaram,One minute
עראבה,1036,23,Arraba,One minute
שלומי,1243,30,Shlomi,Immediately
לוטם וחמדון,680,23,Lotem and Hamdon,One minute
כפר יהושע,619,34,Kfar Yehoshua,One minute
ניר עוז,908,26,Nir Oz,15 Seconds
שער העמקים,1256,34,Sha'ar HaAmakim,One minute
קוממיות,1105,22,Kommemiut,45 Seconds
אזור תעשייה נ.ע.מ,1385,16,NAM Industrial Zone,30 Seconds
חיבת ציון,451,27,Hibat Zion,One and a half minutes
אודם,24,2,Odem,Immediately
משמר דוד,825,12,Mishmar David,One and a half minutes
הררית יחד,407,23,Hararit Yachad,One minute
רמת הכובש,1174,27,Ramat HaKovesh,One and a half minutes
זמר,418,27,Zemer,One and a half minutes
גילת,324,16,Gilat,45 Seconds
מעלה מכמש,785,10,Ma'aleh Michmash,One and a half minutes
שואבה,1223,24,Shoeva,One and a half minutes
גיזו,323,24,Gizo,One and a half minutes
רמות מאיר,1169,12,Ramot Meir,One and a half minutes
שזור,1232,6,Shezor,30 Seconds
מרכז חבר,547,34,Hever Settlements,One minute
אליאב,113,17,Eliav,One minute
דימונה,369,9,Dimona,One and a half minutes
כפר דניאל,595,21,Kfar Daniel,One and a half minutes
קריית יערים,1123,24,Kiryat Yearim,One and a half minutes
אורטל,37,2,Ortal,Immediately
נווה דניאל,859,17,Neveh Daniel,One and a half minutes
ביתן אהרן,231,27,Bitan Aharon,One and a half minutes
כפר זוהרים,608,24,Kfar Zoharim,One minute
חפץ חיים,464,22,Hafetz Haim,One minute
כפר ביאליק,584,11,Kfar Biyalik,One minute
דבוריה,359,34,Daburiyya,One minute
מרכז אומן,1341,34,Merkaz Omen,One minute
עין המפרץ,990,6,Ein HaMifratz,30 Seconds
מיתר,747,25,Meitar,One and a half minutes
נווה זיו,861,30,Neveh Ziv,Immediately
אחיה,82,10,Achita,One and a half minutes
כפר יונה,620,27,Kfar Yona,One and a half minutes
אפיקים,135,7,Afikim,One minute
ניר משה,907,16,Nir Moshe,30 Seconds
ערערה,1042,13,Ar'ara,One and a half minutes
אשבול,143,16,Eshbol,30 Seconds
כוכב מיכאל,560,19,Kokhav Michael,30 Seconds
מעש,792,8,Maas,One and a half minutes
פני קדם,1060,17,Pnei Kedem,One and a half minutes
אל עריאן,100,13,Al Arian,One and a half minutes
בנימינה,248,15,Binyamina,One and a half minutes
דגניה ב,363,7,Degania Bet,One minute
גת רימון,358,8,Gat Rimon,One and a half minutes
שיטים,1236,29,Shitim,One and a half minutes
תלמי יוסף,1292,26,Talmei Yossef,15 Seconds
כפר גלעדי,593,30,Kfar Giladi,Immediately
שפיים,1259,27,Shefayim,One and a half minutes
אזור תעשייה ציפורית,1363,34,Industrial area Tziporit,One minute
תושיה,1336,26,Kfar Maimon and Tushia,15 Seconds
זיתן,415,12,Zeitan,One and a half minutes
עין יהב,1000,29,Ein Yahav,One and a half minutes
מגדל עוז,705,17,Migdal Oz,One and a half minutes
נתיב השיירה,933,6,Netiv HaShayara,30 Seconds
גת,357,22,Gat,45 Seconds
מעונה,774,30,Maona,Immediately
בן שמן,236,12,Ben Shemen,One and a half minutes
עין עירון,1006,15,Ein Iron,One and a half minutes
תלמי יחיאל,1293,22,Talmei Yehiel,45 Seconds
ג'ת,278,13,Jatt,One and a half minutes
כפר מונש,626,27,Kfar Monash,One and a half minutes
שניר,1250,30,Snir,Immediately
בית זרע,193,7,Beit Zera,One minute
מעוז חיים,771,4,Maoz Haim,One minute
חג'אג'רה,428,34,Hajajre,One minute
נווה,854,26,Naveh,30 Seconds
דביר,360,25,Dvir,45 Seconds
חרוצים,471,27,Harutzim,One and a half minutes
בית ספר אורט בנימינה,216,15,Ort Binyamina,One and a half minutes
מלונות ים המלח מרכז,751,18,Dead Sea Hotels - Center,One and a half minutes
עולש,965,27,Olesh,One and a half minutes
רינתיה,1164,21,Rinatya,One and a half minutes
יד בנימין,502,22,Yad Binyamin,One minute
רוחמה,1151,16,Rochama,30 Seconds
ריינה,1162,34,Reineh,One minute
אדרת,22,24,Aderet,One and a half minutes
גבעת יערים,301,24,Givat Yearim,One and a half minutes
כפר מצר,628,34,Kfar Meissar,One minute
יובלים,511,23,Yuvalim,One minute
מנוחה,753,22,Menucha,45 Seconds
ניר יצחק,905,26,Nir Itzhak,15 Seconds
בית ירח,25,7,Beit Yerach,One minute
החותרים,390,15,HaHotrim,One minute
מרעית,556,9,Mara'it,One and a half minutes
בית הערבה,189,18,Beit HaArava,One and a half minutes
כפר יעבץ,623,27,Kfar Yavetz,One and a half minutes
דליה,373,13,Dalia,One and a half minutes
דלית אל כרמל,374,14,Daliyat al-Karmel,One minute
ירחיב,543,27,Yafhiv,One and a half minutes
רעים,1184,26,Reim,15 Seconds
אחיעזר,86,12,Achiezer,One and a half minutes
אלומה,102,22,Aluma,45 Seconds
כברי,554,30,Cabri,Immediately
בית יוסף,203,4,Beit Yossef,One minute
אזור תעשייה תימורים,77,22,Timorimg Industrial Zone,45 Seconds
חמרה,458,3,Hamra,One and a half minutes
מצובה,795,30,Metzuba,Immediately
משכיות,823,3,Maskiot,One and a half minutes
נצרת,926,34,Nazareth,One minute
רקפת,1186,23,Rakefet,One minute
קריית ים,1122,11,Kiryat Yam,One minute
אביעזר,10,24,Aviezer,One and a half minutes
כפר חסידים ב',1343,11,Kfar Hassidim,One minute
שעל,1252,2,Sha'al,15 Seconds
אלמגור,120,5,Almagor,30 Seconds
גני טל,345,22,Ganei Tal,One minute
ביריה,174,6,Biriyeh,30 Seconds
שחרות,1234,29,Shachrut,One and a half minutes
מוצא עילית,727,20,Motza Illit,One and a half minutes
דולב,365,10,Dolev,One and a half minutes
כפר טרומן,617,21,Kfar Truman,One and a half minutes
איבטין,87,11,Ibtin,One minute
באר גנים,158,19,Be'er Ganim,30 Seconds
ישעי,549,24,Yish'i,One and a half minutes
רשפים,1188,4,Reshafim,One minute
אום אל קוטוף,28,13,Umm al-Qutuf,One and a half minutes
לביא,671,7,Lavi,One minute
שדה נחמיה,1210,30,Sdeh Nechemia,Immediately
אור הגנוז,31,6,Or HaGanuz,30 Seconds
בת שלמה,271,14,Bat Shlomo,One minute
קריית מלאכי,1125,22,Kiryat Malachi,45 Seconds
מצפה אבי''ב,799,23,Mitzpeh Aviv,One minute
אלקנה,126,27,Elkana,One and a half minutes
הוד השרון,385,27,Hod HaSharon,One and a half minutes
נצרת עילית (נוף הגליל),927,34,Nazareth Illit,One minute
חגור,429,27,Hagor,One and a half minutes
עין גב,984,5,Ein Gev,15 Seconds
מעיליא,777,30,Mi'ilya,Immediately
ראשון לציון,6025,12,Rishon LeZion - West,One and a half minutes
אום אל פחם,27,13,Umm al-Fahm,One and a half minutes
טפחות,495,23,Tefahot,One minute
ניצן,896,19,Nitzan,45 Seconds
בענה,250,6,Bi'ina,30 Seconds
גבעת ישעיהו,302,24,Givat Ishayahu,One minute
פסוטה,1063,30,Fassuta,Immediately
רבבה,1142,10,Revava,One and a half minutes
עמיעד,1025,6,Amiad,30 Seconds
תלמי אליהו,1289,26,Talmei Eliyahu,15 Seconds
נען,922,12,Na'an,One and a half minutes
מחניים,736,6,Machanaim,30 Seconds
זרחיה,423,22,Zrahia,45 Seconds
צפרירים,1091,24,Tzafririm,One minute
נופך,875,21,Nofech,One and a half minutes
כפר סבא,638,27,Kfar Saba,One and a half minutes
סוסיא,941,17,Susya,One and a half minutes
פצאל,1065,3,Petza'el,One and a half minutes
קריית מוצקין,1124,11,Kiryat Motzkin,One minute
ברוש,259,16,Brosh,30 Seconds
תובל,1273,6,Tuval,30 Seconds
אלומות,103,7,Alumot,One minute
אביחיל,9,27,Avihail,One and a half minutes
תנובות,1297,27,Tnuvot,One and a half minutes
גן השומרון,334,15,Gan HaShomron,One and a half minutes
סולם,940,34,Sulam,One minute
מעלה חבר,783,17,Ma'ale Hever,One and a half minutes
דברת,361,34,Dovrat,One minute
תל קציר,1285,5,Tel Katzir,30 Seconds
נין,895,34,Nin,One minute
נופית,874,34,Nofit,One minute
גבת,312,34,Gvat,One minute
מרחב עם,809,9,Merhav Am,One and a half minutes
אחוזת ברק,81,34,Ahuzat Barak,One minute
באר שבע,6004,25,Beer Sheva - North,One minute
כנף,574,5,Kanaf,15 Seconds
תל חי,1279,30,Tel Hai,Immediately
אום אל-גנם,26,34,Umm al-Ghanam,One minute
רמות השבים,1168,27,Ramot HaShavim,One and a half minutes
כפר נטר,636,27,Kfar Netter,One and a half minutes
כפר האורנים,596,21,Kfar HaOranim,One and a half minutes
עין יעקב,1001,30,Ein Yacov,15 Seconds
בית הגדי,185,16,Beit HaGdi,30 Seconds
חולית,440,26,Holit,15 Seconds
בית רימון,226,23,Beit Rimon,One minute
בת הדר,267,19,Bat Hadar,30 Seconds
עץ אפרים,1034,27,Etz Ephraim,One and a half minutes
אביטל,1323,34,Yael Settlements,One minute
להבות חביבה,675,15,Lehavot Haviva,One and a half minutes
עמיחי,1347,10,Amihai,One and a half minutes
ביצרון,171,22,Bitzaron,One minute
דבורה,1327,34,Hever Settlements,One minute
ארבל,138,7,Arbel,One minute
חולדה,438,12,Hulda,One and a half minutes
נווה זוהר,860,18,Neveh Zohar,One and a half minutes
נבי סמואל,846,20,Nebi Samuel,One and a half minutes
גני עם,347,27,Ganei Am,One and a half minutes
אזור תעשייה שחורת,74,1,Shchoret Industrial Zone,30 Seconds
מודיעין - ישפרו סנטר,717,21,Modi'in - Ishpro Center,One and a half minutes
נווה ימין,864,27,Neveh Yamin,One and a half minutes
רמת השופט,1176,13,Ramat HaShofet,One and a half minutes
הר עמשא,404,17,Har Amsha,One and a half minutes
רטורנו - גבעת שמש,1159,24,Retorno - Givat Shesh,One and a half minutes
שלפים,1245,4,Shlafim,One minute
שריד,1267,34,Sarid,One minute
ערב אל עראמשה,1038,30,Arab al-Aramshe,Immediately
טנא עומרים,494,17,Teneh Omarim,One and a half minutes
כפר ביל''ו,585,12,Kfar Bilu,One and a half minutes
דלתון,375,30,Dalton,Immediately
נורדיה,877,27,Nordia,One and a half minutes
גבעת וושינגטון,295,22,Givat Washington,One minute
מירב,744,4,Merav,One minute
עין הנצי''ב,991,4,Ein HaNatziv,One minute
ראס עלי,1137,34,Ras Ali,One minute
דישון,372,30,Dishon,Immediately
בית חזון,196,27,Beit Hazon,One and a half minutes
חספין,463,5,Haspin,Immediately
תמרת,1296,34,Timrat,One minute
מטולה,738,30,Metulla,Immediately
חורשים,448,27,Horashim,One and a half minutes
חרשה,475,10,Horasha,One and a half minutes
טל מנשה,488,10,Tal Menashe,One and a half minutes
תל ערד,1377,9,Tel Arad,One and a half minutes
כפר ברוך,589,34,Kfar Baruch,One minute
חיפה,6014,15,Haifa - Kiryat Haim and Shmuel,One minute
עין תמר,1012,18,Ein Tamar,One and a half minutes
חוות ערנדל,435,29,Ardanel Ranch,One and a half minutes
שומריה,1226,17,Shomria,One minute
כפר הנשיא,601,6,Kfar HaNassi,30 Seconds
שדה יואב,1205,22,Sdeh Yoav,30 Seconds
אזור תעשייה שער בנימין,75,10,Sha'ar Binyamin Industrial Zone,One and a half minutes
יסודות,524,12,Yesodot,One and a half minutes
אלון מורה,106,10,Elon Moreh,One and a half minutes
כפר רופין,648,4,Kfar Ruppin,One minute
צרופה,1093,14,Tzrufa,One minute
גינתון,326,12,Ginaton,One and a half minutes
קליה,1111,18,Kalia,One and a half minutes
עזר,971,22,Ezer,45 Seconds
עתלית,1044,14,Atlit,One minute
הר-חלוץ,398,6,Har Chalutz,30 Seconds
טל-אל,487,6,Tal-El,30 Seconds
בית עזרא,220,22,Beit Ezra,45 Seconds
כיסרא סמיע,567,6,Kisra-Sumei,30 Seconds
אלעד,122,21,Elad,One and a half minutes
מקווה ישראל,806,8,Mikveh Israel,One and a half minutes
מגדל תפן,706,6,Migdal Tefen,30 Seconds
כפר שמריהו,652,8,Kfar Shmaryahu,One and a half minutes
לקיה,687,25,Lakiya,One minute
צופר,1079,29,Tzofar,One and a half minutes
נאות חובב,1345,25,Neot Hovav,One minute
אלוני הבשן,109,5,Alonei HaBashan,Immediately
עצמון - שגב,1035,23,Atzmon (Segev),One minute
כרמי צור,663,17,Karmei Tzur,One and a half minutes
מתתיהו,839,21,Matityahu,One and a half minutes
אלוני אבא,108,34,Alonei Abba,One minute
רביד,1145,7,Ravid,One minute
נוב,852,5,Nov,Immediately
עשרת,1043,22,Asseret,One minute
אבני חפץ,17,10,Avnei Hefetz,One and a half minutes
אבני איתן,16,5,Avnei Eitan,Immediately
ברור חיל,258,16,Bror Hayil,30 Seconds
מסלול,764,16,Maslul,30 Seconds
גנות,342,12,Ganot,One and a half minutes
פוריידיס,1055,14,Fureidis,One minute
,,,,
ריחן,1161,10,Reihan,One and a half minutes
מצפה יריחו,801,17,Mitzpeh Yericho,One and a half minutes
קריית ענבים,1127,24,Kiryat Anavim,One and a half minutes
אל רום,101,2,El Rom,Immediately
אייל,88,27,Eyal,One and a half minutes
תלמי ביל''ו,1291,16,Talmei Bilu,30 Seconds
בית חרות,200,27,Beit Herut,One and a half minutes
פוריה נווה עובד,1053,7,Poria - Neve Oved,One minute
סעייה-מולדה,720,9,Mulada - Sa'wa,One and a half minutes
נווה אטי''ב,856,2,Neveh Ativ,Immediately
סלמה,944,23,Salama,One minute
קרית אתא,1130,11,Kiryat Atta,One minute
עתניאל,1045,17,Otniel,One and a half minutes
עמוקה,1023,6,Amuka,30 Seconds
שקד,1263,10,Shaked,One and a half minutes
כפר עציון,643,17,Kfar Etzion,One and a half minutes
שמעה,1247,17,Shim'a,One and a half minutes
ניר עם,909,26,Sderot,15 Seconds
שתולה,1269,30,Shtula,Immediately
קדרון,1102,22,Kidron,One minute
סביון,937,8,Savyon,One and a half minutes
יבנאל,498,7,Yavne'el,One minute
ערד,1039,9,Arad,One and a half minutes
אשלים,151,9,Ashalim,One and a half minutes
בית עריף,222,21,Beit Arif,One and a half minutes
שלוחות,1242,4,Shluchot,One minute
בורגתה,168,27,Burgata,One and a half minutes
תל ציון,1284,10,Tel Zion,One and a half minutes
עין הבשור,987,26,Ein HaBsor,15 Seconds
עפרה,1033,10,Ofra,One and a half minutes
רמלה,1172,12,Ramla,One and a half minutes
אזור תעשייה עידן הנגב,63,25,Idan HaNegev Industrial Zone,45 Seconds
חוות גלעד,1366,10,Khavat Gil'ad,One and a half minutes
ספסופה - כפר חושן,953,6,Safsufa (Kfar Hoshen),30 Seconds
סואעד חמירה,939,34,Sawad Humeria,One minute
תחנת רכבת ראש העין,1351,27,Rosh HaAyin train station,One and a half minutes
נאות הכיכר,841,18,Neot HaKikar,One and a half minutes
אליקים,117,13,Elyakim,One and a half minutes
חבצלת השרון,426,27,Havatzelet HaSharon and Tzukei Yam,One and a half minutes
חצור הגלילית,468,6,Hatzor HaGlilit,30 Seconds
בית ניר,210,24,Beit Nir,One minute
מעגן מיכאל,770,15,Ma'agan Michael,One and a half minutes
אל פורעה,380,9,El Pura\r,One and a half minutes
בית מאיר,208,24,Beit Meir,One and a half minutes
עין השלושה,994,26,Ein HaShlosha,15 Seconds
פטיש,1057,16,Patish,30 Seconds
כסלון,576,24,Ksalon,One and a half minutes
דמיידה,376,23,Dmeide,One minute
יהוד-מונוסון,508,8,Yehud-Monosson,One and a half minutes
כפר הרא''ה,603,27,Kfar HaRoeh,One and a half minutes
גני תקווה,348,8,Ganei Tikva,One and a half minutes
רם און,1166,34,Ram On,One minute
גן הדרום,333,22,Gan HaDarom,One minute
ביתר עילית,232,17,Beitar Illit,One and a half minutes
אזור תעשייה הר טוב - צרעה,51,24,Har Tuv - Tzora Industrial Zone,One and a half minutes
כפר הרי''ף וצומת ראם,604,22,Kfar HaRif and Re'em Junction,One minute
הזורעים,389,7,HaZor'im,One minute
מכורה,749,3,Mekhora,One and a half minutes
חזון,449,23,Hazon,One minute
חירן,1373,9,Hiran,One and a half minutes
ראש צורים,1141,17,Rosh Tzurim,One and a half minutes
שדה אליעזר,1201,6,Sdeh Eliezer,30 Seconds
זרעית,424,30,Zarit,Immediately
שער מנשה,1257,15,Sha'ar Menashe,One and a half minutes
לפידות,686,6,Lapidot,30 Seconds
בני עי''ש,244,22,Bnei Ayish,One minute
מצפה שלם,804,18,Mitzpeh Shalem,One and a half minutes
יודפת,512,23,Yodfat,One minute
בית שאן,227,4,Beit She'an,One minute
בית שערים,229,34,Beit Shea'rim,One minute
אלישמע,119,27,Elishema,One and a half minutes
מגדל העמק,704,34,Migdal HaEmek,One minute
מישר,746,22,Meishar,One minute
גבעת שמואל,307,8,Givat Shmuel,One and a half minutes
כפר תבור,653,34,Kfar Tavor,One minute
שדה עוזיהו,1212,22,Sdeh Uziahu,45 Seconds
שובה,1311,26,Zimrat and Shuva,15 Seconds
איתן,96,22,Eitan,30 Seconds
בת עין,270,17,Bat Ayin,One and a half minutes
בת ים,266,8,Bat Yam,One and a half minutes
מנחת מחניים,757,6,Machanaim landing pad,30 Seconds
תומר,1274,3,Tomer,One and a half minutes
עלמה,1021,30,Alma,Immediately
בית יהושע,202,27,Beit Yehoshua,One and a half minutes
גליל ים,1310,8,Herzeliya - Glil Yam and Center,One and a half minutes
קצרין - אזור תעשייה,1117,5,Katzrin - Industrial Area,30 Seconds
דוב''ב,364,30,Dovev,Immediately
מיצר,743,5,Metzar,Immediately
ציפורי,1088,34,Tzippori,One minute
נעורים,919,27,Neurim,One and a half minutes
חניתה,461,30,Hanita,Immediately
אלון שבות,107,17,Alon Shvut,One and a half minutes
רחוב,1156,4,Rechov,One minute
חברון,427,17,Hebron,One and a half minutes
תלמי יפה,1294,19,Talmei Yaffe,30 Seconds
עמקה,1029,6,Amka,30 Seconds
מגרון,712,10,Migron,One and a half minutes
ג'דידה מכר,273,6,Jadeidi-Makr,30 Seconds
יתד,551,26,Yated,15 Seconds
רוויה,1150,4,Revaya,One minute
שער הגולן,1255,5,Sha'ar HaGolan,30 Seconds
שדמות דבורה,1219,34,Shadmot Dvora,One minute
מבואות יריחו,695,3,Mevuot Yericho,One and a half minutes
נחל עוז,880,26,Nachal Oz,15 Seconds
בית אריה-עופרים,179,10,Beit Arie,One and a half minutes
שיבולים,1235,16,Shibolim,30 Seconds
שחר,1233,22,Shachar,30 Seconds
שדה צבי,1213,16,Sdeh Zvi,30 Seconds
ערוגות,1040,22,Arugot,45 Seconds
עוצם,969,22,Otzem,30 Seconds
דורות,367,16,Dorot,30 Seconds
ניר אליהו,900,27,Nir Eliyahu,One and a half minutes
כפר חיים,612,27,Kfar Haim,One and a half minutes
מפלסים,793,26,Mefalsim,15 Seconds
גן חיים,335,27,Gan Haim,One and a half minutes
תרום,1306,24,Tarom,One and a half minutes
גזית,319,34,Gazit,One minute
ערב אל-נעים,1037,23,Arab al Na'im,30 Seconds
נהריה,851,30,Nahariya,15 Seconds
גשר,355,4,Gesher,One minute
מרכז ימי קיסריה,814,15,Caesarea Marine Center,One and a half minutes
כפר מל''ל,629,27,Kafr Misr,One and a half minutes
גבעות,287,17,Gvaot,One and a half minutes
זכריה,417,24,Zekharia,One minute
זבדיאל,412,22,Zavdiel,45 Seconds
עין השופט,993,13,Ein HaShofet,One and a half minutes
מנרה,758,30,Manara,Immediately
שמשית,1248,34,Shimshit,One minute
עין כמונים,1002,6,Ein Kamonim,30 Seconds
נגוהות,848,17,Negohot,One minute
בן זכאי,234,22,Ben Zakai,One minute
שדי חמד,1216,27,Sdei Hemed,One and a half minutes
יקיר,537,10,Yakir,One and a half minutes
קשת,1134,5,Keshet,Immediately
אזור תעשייה הדרומי אשקלון,50,19,Ashkelon Southern Industrial Zone,30 Seconds
רמת מגשימים,1180,5,Ramat Magshimim,Immediately
גפן,352,24,Geffen,One minute
נחם,884,24,Naham,One and a half minutes
אלעזר,123,17,Elazar,One and a half minutes
נווה איתן,858,4,Neveh Eitan,One minute
בית ינאי,204,27,Beit Yannai,One and a half minutes
סאסא,936,30,Sassa,Immediately
מכון וינגייט,748,27,Wingate Institute,One and a half minutes
מיטב,1324,34,Yael Settlements,One minute
נטע,891,17,Neta,One minute
כפר גדעון,590,34,Kfar Gidon,One minute
יערות הכרמל,529,14,Yearot HaCarmel,One minute
יעד,526,23,Ya'ad,One minute
מורן,729,23,Moran,One minute
ברקאי,263,15,Barkai,One and a half minutes
בחן,169,27,Bahan,One and a half minutes
פוריה כפר עבודה,1052,7,Poria - Kfar Avoda,One minute
ריחאנייה,1160,30,Rehaniya,Immediately
מירון,745,6,Meron,30 Seconds
חדרה,6010,15,Hadera - Neveh Haim,One and a half minutes
בית לחם הגלילית,207,34,Bethlehem of Galilee,One minute
פרי גן,1070,26,Pri Gan,15 Seconds
צוחר,1076,26,Tzohar and Ohad,15 Seconds
מלאה,1330,34,Mle'a,One minute
עין זיוון,996,2,Ein Zivan,Immediately
ניצנה,897,9,Nitzana,One minute
כרם מהר''ל,660,14,Kerem Maharal,One minute
ירכא,544,6,Yarka,30 Seconds
אזור תעשייה רגבים,71,15,Regavim Industrial Zone,One and a half minutes
אדוריים,1365,17,Adorayim,One and a half minutes
לוזית,678,24,Luzit,One minute
גבעת שפירא,308,27,Givat Shapira,One and a half minutes
נריה,928,10,Neria,One and a half minutes
שדמה,1218,22,Shdema,One minute
מתחם בני דרום,834,22,Bnei Darom Compound,45 Seconds
מנות,755,30,Manot,Immediately
כרמית,668,25,Carmit,One minute
נבטים,845,25,Nevatim,One and a half minutes
בית סוהר מגידו,213,13,Megiddo Prison,One and a half minutes
נופים,873,10,Nofim,One and a half minutes
יראון,540,30,Yir'on,Immediately
עגור,959,24,Agur,One minute
כדורי,555,34,Kadoorie,One minute
כיסופים,566,26,Kissufim,15 Seconds
ח'וואלד,425,34,Khawaled,One minute
נופי פרת,872,17,Nofei Prat,One and a half minutes
עדי עד,961,10,Adei Ad,One and a half minutes
כנות,573,22,Kannot,One minute
חצבה,466,29,Hatzeva,One and a half minutes
נוף איילון,870,21,Noff Ayalon,One and a half minutes
איתמר,95,10,Itamar,One and a half minutes
מצפה אילן,800,13,Mitzpeh Ilan,One and a half minutes
משאבי שדה,817,9,Mashabei Sadeh,One and a half minutes
גבע כרמל,286,14,Geva Carmel,One minute
אלפי מנשה,124,27,Alfei Menashe,One and a half minutes
משמר העמק,828,13,Mishmar HaEmek,One and a half minutes
להבות הבשן,674,30,Lehavot HaBashan,15 Seconds
מבועים,696,16,Mabu'im,30 Seconds
צור יצחק,1082,27,Tzur Itzhak,One and a half minutes
מחסיה,737,24,Mahsiya,One and a half minutes
בסמת טבעון,249,34,Basmat Tab'un,One minute
אזור תעשייה יקנעם עילית,54,13,Yokneam Illit Industrial Zone,One and a half minutes
להב,673,25,Lahav,45 Seconds
מועצה אזורית מבואות חרמון,1355,30,Mevo'ot Hermon Regional Council,Immediately
כפר נהר הירדן,634,7,Kfar Nehar HaYarden,One minute
אירוס,94,12,Irus,One and a half minutes
חשמונאים,477,21,Hashmonaim,One and a half minutes
מגדים,702,14,Megadim,One minute
רווחה,1149,22,Revacha,45 Seconds
פלמחים,1059,22,Palmachim,One and a half minutes
שרונה,1265,7,Sharona,One minute
כרמיאל,665,6,Karmiel,30 Seconds
שבי ציון,1194,6,Shavei Zion,30 Seconds
מעלות תרשיחא,790,30,Ma'a lot Tarshicha,Immediately
הודיה,386,19,Hodaya,30 Seconds
חוות עדן,434,4,Havat Eden,One minute
סנדלה,948,34,Sandala,One minute
בני דקלים,238,17,Bnei Dkalim,One minute
ואדי אל נעם,409,9,Wadi al-Na'am,One minute
אבו קרינאת,4,9,Abu Qrenat,One and a half minutes
בית סוהר השרון,212,27,HaSharon Prison,One and a half minutes
רומאנה,1152,23,Rumana,One minute
עמיעוז,1315,26,Mivtachim Amioz Yesha,15 Seconds
הזורע,1313,13,HaZoreah,One and a half minutes
רמת ישי,1179,34,Ramat Ishai,One minute
נווה אילן,857,24,Neveh Ilan,One and a half minutes
אזור תעשייה בני יהודה,45,5,Bnei Yehuda Industrial Zone,Immediately
עין שריד,1011,27,Ein Sarid,One and a half minutes
כפר ורבורג,606,22,Kfar Warburg,45 Seconds
צלפון,1089,24,Tzalfon,One and a half minutes
נצר חזני,924,12,Netzer Hazani,One and a half minutes
ניר בנים,901,22,Nir Banim,45 Seconds
עלי זהב,1020,10,Elei Zahav,One and a half minutes
מרחביה מושב,810,34,Merhavia Moshav,One minute
ניצנים,899,19,Nitzanim,30 Seconds
חרב לאת,470,27,Herev Le'Et,One and a half minutes
פוריה עילית,1054,7,Poria Illit,One minute
יגור,500,11,Yagur,One minute
תירוש,1278,24,Tirosh,One minute
כפר טבאש,616,34,Kafr Tabbash,One minute
מכמורת,750,27,Mikhmoret,One and a half minutes
עין צורים,1007,22,Ein Tzurim,45 Seconds
רומת אל הייב,1153,23,Rumat al-Heib,One minute
מעלה רחבעם,1375,17,Ma'ale Rehav'Am,One and a half minutes
אזור תעשייה צבאים,66,4,Zvaim Industrial Zone,One minute
גבע בנימין,285,10,Geva Binyamin,One and a half minutes
אמונים,127,22,Emunim,45 Seconds
עין הוד,988,14,Ein Hod,One minute
טמרה,492,23,Tamra,One minute
אור יהודה,33,8,Or Yehuda,One and a half minutes
גאליה,281,12,Ge'alya,One minute
כפר אחים,582,22,Kfar Achim,45 Seconds
אריאל,141,10,Ariel,One and a half minutes
האון,381,5,Ha'On,30 Seconds
קרני שומרון,1133,10,Karnei Shomron,One and a half minutes
תל יוסף,1280,34,Tel Yossef,One minute
גבעולים,1317,16,Maagalim,30 Seconds
פארק תעשיות פלמחים,1047,12,Palmachin Industrial Park,One and a half minutes
רחלים,1158,10,Rechelim,One and a half minutes
יצהר,534,10,Itzhar,One and a half minutes
ג'סר א-זרקא,276,15,Jisr az-Zarqa,One and a half minutes
גבעת עוז,306,13,Givat Oz,One and a half minutes
חוקוק,445,7,Hukok,One minute
בני דרור,240,27,Bnei Dror,One and a half minutes
זרזיר,422,34,Zarzir,One minute
גיתה,327,6,Gita,30 Seconds
אילת,93,1,Eilat,30 Seconds
הרצליה,6008,8,Herzeliya - West,One and a half minutes
משמר איילון,824,12,Mishmar Ayalon,One and a half minutes
גנות הדר,343,27,Ginot Hadar,One and a half minutes
איבים,1307,26,Sderot,15 Seconds
בית יצחק - שער חפר,205,27,Beit Yithak - Sha'ar Hefer,One and a half minutes
כעביה-טבאש-חג'אג'רה,1322,34,Ka'abiyye-Tabbash-Hajajre,One minute
טבריה,478,7,Tiberias,One minute
בית עוזיאל,219,12,Beit Uziel,One and a half minutes
מעלה החמישה,782,24,Ma'aleh HaHamisha,One and a half minutes
גורנות הגליל,318,30,Gornot HaGalil,Immediately
בית חגי,194,17,Beit Hagai,One and a half minutes
מזכרת בתיה,732,12,Mazkeret Batya,One and a half minutes
יעל,1340,34,Yael Settlements,One minute
אור הנר,32,26,Or HaNer,15 Seconds
אזור תעשייה חצור הגלילית,52,6,Hatzor HaGlilit Industrial Zone,30 Seconds
שדות ים,1214,15,Sdot Yam,One and a half minutes
יטבתה,517,29,Yotvata,One and a half minutes
כפר מסריק,632,6,Kfar Masaryk,30 Seconds
אבן יהודה,12,27,Even Yehuda,One and a half minutes
מצר,805,13,Metzer,One and a half minutes
שבי שומרון,1195,10,Shavei Shomron,One and a half minutes
בית גמליאל,183,22,Beit Gamliel,One minute
עזריה,973,12,Azaria,One and a half minutes
להבים,676,25,Lehavim,45 Seconds
בטחה,170,16,Bitha,45 Seconds
כפר קיש,646,34,Kfar Kish,One minute
אזור תעשייה מבוא כרמל,57,13,Mevo Carmel Industrial Zone,One and a half minutes
לפיד,685,21,Lapid,One and a half minutes
עזוז,970,9,Azuz,One and a half minutes
כפר חב''ד,610,12,Kfar Chabad,One and a half minutes
כפר חסידים א',614,11,Kfar Hassidim,One minute
כפר בלום,586,30,Kfar Blum,Immediately
בני ראם,246,22,Bnei Re'em,One minute
יבנה,499,22,Yavne,One minute
חנתון,462,23,Hanaton,One minute
מבוא דותן,691,10,Mevo Dotan,One and a half minutes
חוסן,442,30,Hossen,15 Seconds
לוחמי הגטאות,679,6,Lochamei HaGetaot,30 Seconds
כפר החורש,597,34,Kfar HaHoresh,One minute
כפר בן נון,587,12,Kfar Bin Nun,One and a half minutes
בית סוהר קישון,1380,14,Kishon Detention Center,One minute
חרמש,474,10,Hermesh,One and a half minutes
עין חרוד מאוחד,999,34,Ein Harod,One minute
כפר רות,649,21,Kfar Rut,One and a half minutes
כאבול,552,23,Kabul,One minute
מעגן,769,5,Ma'agan,30 Seconds
בית סוהר נפחא,214,9,Nafha Prison,One and a half minutes
קרית שמונה,1132,30,Kiryat Shmona,Immediately
נווה אור,855,4,Neveh Or,One minute
בית עלמין תל רגב,221,11,Tel Regev Cemetary,One minute
עין חרוד איחוד,1333,34,Ein Harod (Ihud),One minute
נס הרים,916,24,Ness Harim,One and a half minutes
הילה,392,30,Hila,Immediately
אניעם,132,5,Aniam,15 Seconds
בית שמש,228,24,Beit Shemesh,One and a half minutes
מרגליות,807,30,Margaliot,Immediately
מעלה אדומים,778,17,Ma'aleh Edomim,One and a half minutes
קריית טבעון - בית זייד,1121,34,Kiryat Tivon,One minute
משמר השבעה,829,12,Mishmar HaShiva,One and a half minutes
לימן,683,30,Lehman,Immediately
גבעת אבני,290,7,Giv'at Avni,One minute
ראש פינה,1140,6,Rosh Pinna,30 Seconds
דיר חנא,371,23,Deir Hanna,One minute
עלמון,1022,17,Almon,One and a half minutes
עמיר,1027,30,Amir,15 Seconds
לבנים,672,7,Livnim,One minute
הושעיה,388,34,Hoshaya,One minute